,gender,email,phone,cell,nat,name_title,name_first,name_last,location_street_number,location_street_name,location_city,location_state,location_country,location_postcode,location_coordinates_latitude,location_coordinates_longitude,location_timezone_offset,location_timezone_description,login_uuid,login_username,login_password,login_salt,login_md5,login_sha1,login_sha256,dob_date,dob_age,registered_date,registered_age,id_name,id_value,picture_large,picture_medium,picture_thumbnail,fx_etaria
435,female,lily.jones@example.com,6859-0358,8432-5623,CA,Ms,Lily,Jones,7849,York St,St. Antoine,Ontario,Canada,X0N 6T7,36.8125,-52.2121,-2:00,Mid-Atlantic,b6566e7a-0edd-4676-b744-ef1795ee6056,whiteostrich178,gilbert,uQUUoHAR,de5514b90e38f732bb2f9f50677dee2a,cb6c558b1f6c545e8cdcb42961afcfa7f1ff9fe4,5b93b0cdc128f783c4dcff694ee9c98ec6be6b561d4baf4ee0fcca4290d56fed,1946-10-22T07:06:30.371Z,75,2012-12-22T19:15:54.971Z,9,SIN,864064407,https://randomuser.me/api/portraits/women/49.jpg,https://randomuser.me/api/portraits/med/women/49.jpg,https://randomuser.me/api/portraits/thumb/women/49.jpg,70 a 79
578,female,sofia.harris@example.com,9486-1766,9983-3251,CA,Ms,Sofia,Harris,4338,22nd Ave,Southampton,Ontario,Canada,L0Q 3W5,-16.4573,-130.9500,+3:30,Tehran,91185f20-1727-474b-964e-1b1df43ae92d,goldentiger358,experience,qLSMV3b3,a6f2c56efe40cb659b1414b6c442be4c,c687e191bbd480bdb5433475c08b26be2e4640ea,abeca18e795731a26916e4cb7574ca942a23bfef958b894fa2e9a91f34fad4fa,2000-01-28T23:08:34.325Z,22,2007-02-05T11:26:59.721Z,15,SIN,688670322,https://randomuser.me/api/portraits/women/61.jpg,https://randomuser.me/api/portraits/med/women/61.jpg,https://randomuser.me/api/portraits/thumb/women/61.jpg,20 a 29
592,male,jack.lavigne@example.com,6966-7528,0605-9489,CA,Mr,Jack,Lavigne,5389,Balmoral St,Inwood,Ontario,Canada,G9R 3G3,17.4138,98.0817,+2:00,"Kaliningrad, South Africa",18b0a0ff-ff86-4cf1-a0fa-7a13b7d038f6,heavyswan145,1213,HVOlOFN7,246e1d73f9e7df44c7e26036b4ac70a9,ac26a6b2d3006a35d0f85c26483b26498a7fce0e,514700a52cb68a2aec5c062b670dbdc796f23a28387bd5ea52524912c22da57e,1957-05-07T06:11:02.244Z,65,2007-09-12T17:35:27.378Z,14,SIN,413749649,https://randomuser.me/api/portraits/men/25.jpg,https://randomuser.me/api/portraits/med/men/25.jpg,https://randomuser.me/api/portraits/thumb/men/25.jpg,60 a 69
786,female,jade.bergeron@example.com,3286-1515,8937-1843,CA,Miss,Jade,Bergeron,5461,Peel St,Victoria,Ontario,Canada,W3Q 9U3,31.7641,-101.2293,-10:00,Hawaii,c5493ea0-eb14-4a0f-94bc-6d4e680d7a5b,beautifulfrog180,bingo1,gJD8Ukio,6b634ea2d8bdfdc22f58d88517a10d65,c70fe3e550541eb6240fa1a702e186ffd10123a1,d220deca36f4f3fe433e7b10c563f024826f82d0e935998176bdb58fe2a75daf,1995-06-03T12:16:08.539Z,27,2016-05-09T06:08:52.769Z,6,SIN,375004181,https://randomuser.me/api/portraits/women/37.jpg,https://randomuser.me/api/portraits/med/women/37.jpg,https://randomuser.me/api/portraits/thumb/women/37.jpg,20 a 29
1133,female,ava.park@example.com,5057-0054,7203-3451,CA,Ms,Ava,Park,8702,Tecumseh Rd,Sherbrooke,Ontario,Canada,T8H 1H4,-79.3639,-96.1758,+6:00,"Almaty, Dhaka, Colombo",119ac5c7-f007-481f-9d18-bfd73573300f,ticklishzebra908,brendan,GMeWfSzE,3586ea68240e81d75efb75896fef77ce,554975e83e06d0cc6278c145aa4cbbfca4a79655,0d1db8329efb77a036502285632ce19102815730c0d8f5cc09ec814e8b8be430,1989-08-21T08:14:51.829Z,32,2006-05-24T12:45:29.149Z,16,SIN,616186557,https://randomuser.me/api/portraits/women/8.jpg,https://randomuser.me/api/portraits/med/women/8.jpg,https://randomuser.me/api/portraits/thumb/women/8.jpg,30 a 39
1148,female,leanne.claire@example.com,3831-6547,5106-2648,CA,Ms,Leanne,Claire,3106,9th St,Southampton,Ontario,Canada,V9D 8F2,50.2036,61.3872,-5:00,"Eastern Time (US & Canada), Bogota, Lima",3c9644c9-05e2-45f9-9b31-92b57ca786ce,orangebear673,coventry,pIF9FLej,600384ca27361ae33f5fa88444c74171,b56221c7d524674b9d214e43f7981daedf4d549e,257c35b2e8021424cba18fe1c55245b63beb2e7df3d6bb80de15eda8e3742561,1962-11-25T03:16:18.141Z,59,2020-04-03T05:08:23.207Z,2,SIN,549648616,https://randomuser.me/api/portraits/women/58.jpg,https://randomuser.me/api/portraits/med/women/58.jpg,https://randomuser.me/api/portraits/thumb/women/58.jpg,50 a 59
1188,male,david.harcourt@example.com,0766-2312,3603-3575,CA,Mr,David,Harcourt,2147,22nd Ave,Inwood,Ontario,Canada,M1G 0Q3,3.1747,-157.9643,+6:00,"Almaty, Dhaka, Colombo",55200fc4-182a-429c-8bca-1e1d5bc86bf9,yellowgoose915,voyeur,6hwQAcKj,d29723db9653680bb4d4510b14b1a8b8,fd958c8424bef586d5205271c3bb94c4b73799e7,09855e13b1566ec011261b5e6ec309c47e43b7b39bc6fc2cde24b947177ba477,1958-04-28T20:01:07.652Z,64,2011-10-15T13:47:53.809Z,10,SIN,567437686,https://randomuser.me/api/portraits/men/76.jpg,https://randomuser.me/api/portraits/med/men/76.jpg,https://randomuser.me/api/portraits/thumb/men/76.jpg,60 a 69
1216,male,alexander.claire@example.com,0403-7226,3368-6316,CA,Mr,Alexander,Claire,3740,Grand Ave,Charlottetown,Ontario,Canada,Y9X 5A3,-37.4106,-53.5090,+4:00,"Abu Dhabi, Muscat, Baku, Tbilisi",70748d77-e7c8-4b5b-865c-b25aeab518f3,angrybutterfly137,bizzare,cibybsMO,b81f01294fe5cf5f2e0cb125af0f9f03,6efacc6e55562cd66093211304257c7b23681cb4,c7a2eea3e125e258e524dc73ad0fefc26faa082d4a5b8567386ce0854fedab74,1950-06-24T20:57:35.228Z,72,2005-05-31T04:36:11.711Z,17,SIN,380797100,https://randomuser.me/api/portraits/men/98.jpg,https://randomuser.me/api/portraits/med/men/98.jpg,https://randomuser.me/api/portraits/thumb/men/98.jpg,70 a 79
1404,male,emile.cote@example.com,9488-9444,0709-1599,CA,Mr,Emile,Côté,2202,Grand Ave,Georgetown,Ontario,Canada,E1Z 6P7,88.3255,-33.2919,+4:00,"Abu Dhabi, Muscat, Baku, Tbilisi",3ff93c01-b724-4da2-83d4-09f7c8886005,bigkoala949,birthday4,6r9iXjhk,f76aedb0bc78d40013e1be3b61cffc5f,74a0fddb5e4ebfb1782b7526d3dd923cd4275c5b,6257ce40672c9183a107848104fe22f3548a152c1c4c7db8c9ca1ab35b31761a,1998-12-03T03:40:35.074Z,23,2018-09-11T01:24:53.491Z,3,SIN,425219649,https://randomuser.me/api/portraits/men/85.jpg,https://randomuser.me/api/portraits/med/men/85.jpg,https://randomuser.me/api/portraits/thumb/men/85.jpg,20 a 29
